{"cameraMode":{"drawMode":0,"name":"Shaded","section":"Shading Mode"},"sceneLighting":false,"audioPlay":false,"sceneViewState":{"m_AlwaysRefresh":false,"showFog":true,"showSkybox":false,"showFlares":true,"showImageEffects":true,"showParticleSystems":true,"showVisualEffectGraphs":true,"m_FxEnabled":true},"in2DMode":false,"pivot":{"x":0.18378257751464845,"y":5.097324848175049,"z":-0.061362266540527347},"rotation":{"x":-0.014570210129022599,"y":-0.4691483974456787,"z":-0.007741471286863089,"w":0.8829663395881653},"size":12.485243797302246,"orthographic":false}