{"cameraMode":{"drawMode":0,"name":"Shaded","section":"Shading Mode"},"sceneLighting":false,"audioPlay":false,"sceneViewState":{"m_AlwaysRefresh":false,"showFog":false,"showSkybox":false,"showFlares":false,"showImageEffects":false,"showParticleSystems":false,"showVisualEffectGraphs":true,"m_FxEnabled":true},"in2DMode":false,"pivot":{"x":0.0012269020080566407,"y":0.19283241033554078,"z":0.4650357663631439},"rotation":{"x":0.06538885086774826,"y":0.6551939845085144,"z":-0.05724770948290825,"w":0.7506865859031677},"size":5.287708282470703,"orthographic":false}