{"cameraMode":{"drawMode":0,"name":"Shaded","section":"Shading Mode"},"sceneLighting":true,"audioPlay":false,"sceneViewState":{"m_AlwaysRefresh":false,"showFog":true,"showSkybox":true,"showFlares":true,"showImageEffects":true,"showParticleSystems":true,"showVisualEffectGraphs":true,"m_FxEnabled":true},"in2DMode":false,"pivot":{"x":494.4218444824219,"y":23.451025009155275,"z":469.67706298828127},"rotation":{"x":0.0009197334293276072,"y":-0.9979410767555237,"z":0.06898938119411469,"w":-0.011411668732762337},"size":5.096629619598389,"orthographic":false}